epoch,batch,train_loss,train_accuracy
0,0,3.4493368,0.09375
1,1,3.6666675,0.03125
1,2,3.6984034,0.0625
1,3,3.6385055,0.03125
1,4,3.756061,0.03125
1,5,3.5791216,0.0625
1,6,3.4753258,0.03125
1,7,3.3897789,0.125
1,8,3.4089549,0.0625
1,9,3.3002396,0.0625
1,10,3.3939753,0.125
1,11,3.2487042,0.09375
1,12,3.1936283,0.0625
1,13,3.2327662,0.0625
1,14,2.9444299,0.1875
1,15,3.1347284,0.09375
1,16,3.1205897,0.09375
1,17,3.1825242,0.09375
1,18,3.1978805,0.125
1,19,3.0621114,0.1875
1,20,3.2280872,0.09375
1,21,2.8453732,0.1875
1,22,2.8514235,0.15625
1,23,2.9730036,0.1875
1,24,2.8510487,0.1875
1,25,2.7786825,0.25
1,26,2.743465,0.28125
1,27,2.7227194,0.34375
1,28,2.6506364,0.34375
1,29,2.7107518,0.375
1,30,2.5726743,0.40625
1,31,2.594206,0.3125
1,32,2.6115568,0.375
1,33,2.7605863,0.28125
1,34,2.7907486,0.28125
1,35,2.5072236,0.34375
1,36,2.69276,0.34375
1,37,2.6194472,0.28125
1,38,2.5915716,0.28125
1,39,2.478069,0.34375
1,40,2.366773,0.3125
1,41,2.3689954,0.375
1,42,2.4804423,0.34375
1,43,2.5020988,0.34375
1,44,1.9891182,0.65625
1,45,2.19357,0.5625
1,46,2.2534957,0.5
1,47,2.4329824,0.4375
1,48,2.4291177,0.40625
1,49,2.2646322,0.375
1,50,2.2237775,0.4375
1,51,2.2999787,0.375
1,52,2.2859993,0.53125
1,53,2.446583,0.34375
1,54,2.0922716,0.5625
1,55,2.4875324,0.28125
1,56,2.3785844,0.375
1,57,1.9833766,0.5625
1,58,2.049003,0.59375
1,59,2.1118615,0.5
1,60,2.2538354,0.4375
1,61,2.197853,0.5625
1,62,2.0088115,0.5
1,63,2.2188902,0.5625
1,64,2.0334258,0.46875
1,65,2.091568,0.53125
1,66,1.8845612,0.625
1,67,2.1225462,0.5625
1,68,1.8726243,0.65625
1,69,1.6741965,0.6875
1,70,1.9119309,0.59375
1,71,1.9033622,0.53125
1,72,1.745538,0.71875
1,73,2.0396256,0.53125
1,74,1.7461431,0.625
1,75,2.0007205,0.59375
1,76,1.9209168,0.53125
1,77,1.8281233,0.625
1,78,2.0307372,0.46875
1,79,2.1463938,0.34375
1,80,1.680852,0.6875
1,81,1.7605416,0.5625
1,82,1.7566924,0.5625
1,83,1.3721215,0.84375
1,84,1.7856405,0.59375
1,85,1.9477502,0.5
1,86,1.8694367,0.53125
1,87,2.0163403,0.5625
1,88,1.7115927,0.5
1,89,1.5942036,0.71875
1,90,2.048943,0.59375
1,91,1.857199,0.5625
1,92,1.7814989,0.5625
1,93,1.5497533,0.625
1,94,1.8888595,0.65625
1,95,1.8409057,0.53125
1,96,1.5350388,0.65625
1,97,1.6586794,0.65625
1,98,1.6903232,0.625
1,99,1.7479031,0.53125
1,100,1.3428825,0.6875
1,101,1.7207047,0.65625
1,102,1.6547291,0.5
1,103,1.558475,0.6875
1,104,1.5398788,0.65625
1,105,1.8059517,0.5625
1,106,1.5532695,0.71875
1,107,1.6089474,0.65625
1,108,1.5265014,0.625
1,109,1.5916016,0.5625
1,110,1.549582,0.6875
1,111,1.7288202,0.59375
1,112,1.5515176,0.65625
1,113,1.5021192,0.6875
1,114,1.2681358,0.75
1,115,1.9027702,0.53125
1,116,1.4566367,0.6875
1,117,1.2769046,0.6875
1,118,1.3890829,0.6875
1,119,1.2974502,0.6875
1,120,1.8941332,0.4375
1,121,1.6168196,0.5
1,122,1.6399404,0.59375
1,123,1.3771017,0.625
1,124,1.7241877,0.5625
1,125,1.4194942,0.71875
1,126,1.3784109,0.6875
1,127,1.1911039,0.78125
1,128,1.472955,0.625
1,129,1.4057107,0.65625
1,130,1.4338844,0.65625
1,131,1.4829942,0.71875
1,132,1.2848065,0.8125
2,133,1.2342423,0.8125
2,134,1.518237,0.65625
2,135,1.4266317,0.71875
2,136,1.5496169,0.59375
2,137,1.3952762,0.71875
2,138,1.2042449,0.78125
2,139,1.2973361,0.75
2,140,1.4405998,0.78125
2,141,1.4314586,0.6875
2,142,1.3668132,0.625
2,143,1.3763864,0.5625
2,144,1.1671754,0.6875
2,145,1.3564985,0.71875
2,146,1.1025274,0.875
2,147,1.3026134,0.71875
2,148,1.4362969,0.75
2,149,1.2998599,0.71875
2,150,1.602117,0.5625
2,151,1.0902191,0.78125
2,152,1.4703404,0.65625
2,153,1.1753087,0.78125
2,154,1.3301101,0.71875
2,155,1.5008558,0.625
2,156,1.1284028,0.71875
2,157,1.3538265,0.65625
2,158,1.3008357,0.65625
2,159,1.3515147,0.6875
2,160,0.9311195,0.84375
2,161,0.7792017,0.90625
2,162,1.1336027,0.84375
2,163,1.232955,0.71875
2,164,1.3794314,0.6875
2,165,1.2662362,0.71875
2,166,1.2874203,0.59375
2,167,1.540075,0.59375
2,168,1.090458,0.71875
2,169,0.924474,0.84375
2,170,1.076025,0.8125
2,171,1.1386575,0.71875
2,172,1.2797617,0.59375
2,173,1.0739454,0.75
2,174,1.1988571,0.71875
2,175,1.4175566,0.65625
2,176,1.2151744,0.75
2,177,1.5128465,0.5625
2,178,1.1166774,0.6875
2,179,1.2321169,0.65625
2,180,1.016802,0.8125
2,181,1.000683,0.71875
2,182,1.397563,0.71875
2,183,1.2146361,0.65625
2,184,1.0411438,0.6875
2,185,0.93036187,0.75
2,186,0.97656095,0.84375
2,187,1.4161849,0.59375
2,188,1.2029244,0.59375
2,189,1.2461797,0.6875
2,190,1.1548015,0.78125
2,191,0.98597324,0.75
2,192,1.1701645,0.78125
2,193,1.295622,0.6875
2,194,1.0336851,0.78125
2,195,0.93304217,0.75
2,196,1.0353813,0.78125
2,197,1.0169785,0.78125
2,198,1.173003,0.6875
2,199,0.93912107,0.75
2,200,0.78407824,0.90625
2,201,1.116351,0.84375
2,202,1.0242426,0.6875
2,203,1.0398295,0.84375
2,204,1.2371143,0.75
2,205,1.067374,0.75
2,206,1.0390333,0.6875
2,207,0.9872952,0.8125
2,208,0.78200656,0.8125
2,209,1.524002,0.59375
2,210,1.1466062,0.6875
2,211,0.93562627,0.8125
2,212,1.0172662,0.71875
2,213,1.01901,0.78125
2,214,1.1856654,0.6875
2,215,0.9314765,0.78125
2,216,1.00125,0.8125
2,217,0.90868926,0.75
2,218,0.97051954,0.75
2,219,1.2005047,0.6875
2,220,1.1617074,0.71875
2,221,1.060688,0.71875
2,222,1.3461572,0.625
2,223,0.8896219,0.875
2,224,0.8501637,0.75
2,225,0.92723864,0.8125
2,226,1.2127914,0.6875
2,227,1.1270587,0.59375
2,228,1.1350993,0.6875
2,229,1.5137196,0.625
2,230,0.9951687,0.71875
2,231,1.0926588,0.78125
2,232,0.9149848,0.8125
2,233,1.2043463,0.78125
2,234,1.1513544,0.71875
2,235,1.0786666,0.6875
2,236,1.0216941,0.71875
2,237,1.1060952,0.625
2,238,0.90059173,0.8125
2,239,0.8972726,0.78125
2,240,1.0767428,0.71875
2,241,0.9042499,0.84375
2,242,0.79164195,0.9375
2,243,1.1720237,0.59375
2,244,0.77237934,0.875
2,245,1.2331523,0.71875
2,246,1.0998207,0.84375
2,247,1.1502347,0.65625
2,248,1.3094829,0.65625
2,249,0.9057585,0.78125
2,250,0.9715371,0.6875
2,251,1.0297157,0.75
2,252,0.9229027,0.78125
2,253,0.87245095,0.78125
2,254,0.8424144,0.71875
2,255,1.142431,0.625
2,256,0.77275354,0.8125
2,257,0.8881737,0.6875
2,258,1.031445,0.71875
2,259,1.2217993,0.6875
2,260,0.9508484,0.84375
2,261,0.954473,0.78125
2,262,0.7716071,0.8125
2,263,0.86898535,0.84375
2,264,1.1824876,0.71875
3,265,0.96802616,0.75
3,266,0.97428536,0.75
3,267,1.0021628,0.75
3,268,1.2613066,0.59375
3,269,0.989859,0.8125
3,270,1.0203302,0.78125
3,271,0.883837,0.71875
3,272,0.9400646,0.78125
3,273,0.7454341,0.8125
3,274,0.78112996,0.875
3,275,0.945157,0.75
3,276,0.9745897,0.78125
3,277,1.0718431,0.75
3,278,0.9213863,0.75
3,279,0.8321605,0.75
3,280,0.8342165,0.71875
3,281,0.983171,0.6875
3,282,1.0920819,0.78125
3,283,1.0555182,0.6875
3,284,1.3700393,0.59375
3,285,0.69092506,0.84375
3,286,0.7798433,0.8125
3,287,1.1389828,0.71875
3,288,1.0882776,0.625
3,289,1.2040727,0.5625
3,290,1.0669672,0.65625
3,291,1.033167,0.8125
3,292,0.76187474,0.78125
3,293,0.77401245,0.84375
3,294,1.0588672,0.78125
3,295,0.983881,0.75
3,296,0.987431,0.75
3,297,0.78178513,0.84375
3,298,0.8856587,0.84375
3,299,0.87345046,0.8125
3,300,0.8677862,0.75
3,301,0.97626215,0.75
3,302,0.9261535,0.71875
3,303,0.76901066,0.84375
3,304,0.9742144,0.78125
3,305,0.8002853,0.78125
3,306,1.042943,0.78125
3,307,0.99403405,0.75
3,308,0.8264395,0.8125
3,309,0.6903838,0.875
3,310,0.9203969,0.75
3,311,1.1039134,0.65625
3,312,1.2695136,0.625
3,313,0.91460305,0.8125
3,314,1.2364427,0.59375
3,315,0.832216,0.71875
3,316,0.95587045,0.75
3,317,1.1223813,0.71875
3,318,0.5506157,0.90625
3,319,0.9492498,0.75
3,320,0.79622275,0.8125
3,321,1.1168383,0.59375
3,322,0.79848266,0.71875
3,323,0.86060536,0.78125
3,324,0.853068,0.84375
3,325,0.9070612,0.71875
3,326,1.015852,0.78125
3,327,0.6200959,0.8125
3,328,0.89981824,0.8125
3,329,0.7458757,0.875
3,330,1.004971,0.78125
3,331,0.86616445,0.78125
3,332,0.769305,0.875
3,333,0.96261495,0.71875
3,334,0.7263067,0.78125
3,335,1.2686049,0.65625
3,336,1.1065625,0.75
3,337,0.71285385,0.875
3,338,1.1937301,0.6875
3,339,0.75719523,0.8125
3,340,0.69741863,0.78125
3,341,0.83927274,0.71875
3,342,0.984921,0.6875
3,343,1.0733676,0.71875
3,344,1.0423701,0.71875
3,345,0.80982786,0.75
3,346,1.0299907,0.75
3,347,0.81391644,0.84375
3,348,1.0875793,0.6875
3,349,0.805857,0.8125
3,350,0.76643425,0.84375
3,351,0.7478084,0.84375
3,352,1.0053998,0.71875
3,353,1.1920369,0.6875
3,354,0.64578706,0.875
3,355,0.67441195,0.84375
3,356,0.7889245,0.8125
3,357,1.1163226,0.625
3,358,0.9285333,0.71875
3,359,0.6636703,0.875
3,360,0.81133574,0.78125
3,361,0.9393143,0.75
3,362,1.0489326,0.71875
3,363,0.5894948,0.84375
3,364,0.6695553,0.84375
3,365,0.7165288,0.8125
3,366,0.886261,0.78125
3,367,0.8952333,0.8125
3,368,0.6704102,0.90625
3,369,0.75501066,0.6875
3,370,0.956813,0.71875
3,371,0.8273535,0.8125
3,372,0.7698275,0.78125
3,373,1.0979717,0.625
3,374,0.864705,0.78125
3,375,1.0824552,0.71875
3,376,0.80367446,0.84375
3,377,0.74854517,0.8125
3,378,0.63278705,0.8125
3,379,0.81188756,0.78125
3,380,0.7321751,0.875
3,381,1.069239,0.65625
3,382,0.7492665,0.8125
3,383,1.366222,0.625
3,384,0.98360294,0.75
3,385,0.83442813,0.71875
3,386,0.7502123,0.8125
3,387,0.96572536,0.8125
3,388,1.0637801,0.6875
3,389,0.6915885,0.78125
3,390,0.54137087,0.84375
3,391,1.0440274,0.71875
3,392,0.7764198,0.75
3,393,1.1507092,0.625
3,394,0.72616774,0.75
3,395,0.7152823,0.8125
3,396,1.1108117,0.625
4,397,0.80554676,0.875
4,398,0.8731292,0.78125
4,399,0.9650421,0.6875
4,400,0.7182711,0.8125
4,401,1.1935179,0.65625
4,402,0.781448,0.78125
4,403,0.6182492,0.875
4,404,0.6830505,0.8125
4,405,0.7585314,0.8125
4,406,0.8545664,0.78125
4,407,0.9302882,0.84375
4,408,0.8786724,0.71875
4,409,0.69803715,0.78125
4,410,0.64223135,0.875
4,411,0.64064395,0.875
4,412,0.5745265,0.90625
4,413,0.5820571,0.84375
4,414,0.698359,0.8125
4,415,0.96988237,0.75
4,416,0.4998967,0.875
4,417,0.85312814,0.84375
4,418,0.76660776,0.84375
4,419,0.8876726,0.6875
4,420,0.8878065,0.78125
4,421,0.5664717,0.90625
4,422,0.8601014,0.8125
4,423,0.92761904,0.71875
4,424,0.58640313,0.875
4,425,0.5688307,0.875
4,426,0.8950938,0.78125
4,427,0.67617536,0.8125
4,428,0.9553993,0.75
4,429,0.6854741,0.75
4,430,0.75839055,0.75
4,431,0.60040265,0.875
4,432,0.81605786,0.8125
4,433,0.5255704,0.875
4,434,0.6085683,0.875
4,435,0.9825837,0.6875
4,436,0.91246074,0.84375
4,437,1.0326985,0.71875
4,438,0.63547033,0.875
4,439,1.0829426,0.6875
4,440,0.752781,0.8125
4,441,0.95669997,0.6875
4,442,0.6845268,0.8125
4,443,0.51970685,0.90625
4,444,1.0738956,0.625
4,445,0.61021215,0.84375
4,446,0.94757295,0.8125
4,447,0.77550274,0.71875
4,448,1.0622971,0.6875
4,449,0.87130433,0.75
4,450,0.9563488,0.71875
4,451,0.63021135,0.84375
4,452,1.1972157,0.75
4,453,0.9635551,0.6875
4,454,0.815671,0.8125
4,455,0.7036044,0.78125
4,456,0.58445454,0.84375
4,457,0.72020304,0.8125
4,458,0.8687172,0.8125
4,459,0.7205693,0.78125
4,460,0.7781212,0.8125
4,461,0.68251526,0.75
4,462,0.6488211,0.875
4,463,0.914168,0.71875
4,464,0.65768826,0.875
4,465,0.8763449,0.75
4,466,0.70808613,0.78125
4,467,0.5379816,0.84375
4,468,0.8835986,0.75
4,469,0.83699995,0.75
4,470,1.0494112,0.78125
4,471,0.63867605,0.84375
4,472,0.7331847,0.84375
4,473,0.806062,0.84375
4,474,0.7171657,0.84375
4,475,0.6609982,0.78125
4,476,0.67515546,0.84375
4,477,0.9571784,0.71875
4,478,0.84915364,0.71875
4,479,0.60038453,0.84375
4,480,0.84822446,0.8125
4,481,0.7100775,0.875
4,482,0.86692244,0.8125
4,483,0.68077856,0.84375
4,484,0.53332156,0.875
4,485,0.7359782,0.84375
4,486,0.8709395,0.78125
4,487,0.88776886,0.78125
4,488,0.5992048,0.90625
4,489,0.8902479,0.71875
4,490,0.7873002,0.8125
4,491,0.7401049,0.78125
4,492,0.7749481,0.78125
4,493,0.7643971,0.78125
4,494,0.9239109,0.75
4,495,0.7021762,0.84375
4,496,0.6915428,0.84375
4,497,0.80115944,0.75
4,498,0.7608975,0.8125
4,499,0.92913955,0.625
4,500,0.83594865,0.75
4,501,0.60396624,0.78125
4,502,0.78802496,0.78125
4,503,0.83825266,0.75
4,504,0.5993099,0.8125
4,505,0.71043056,0.78125
4,506,0.9115235,0.6875
4,507,1.1098555,0.625
4,508,1.0181223,0.71875
4,509,0.9187256,0.75
4,510,0.6390714,0.875
4,511,0.9370565,0.6875
4,512,0.6404366,0.8125
4,513,0.7214042,0.8125
4,514,1.0287691,0.78125
4,515,0.56178504,0.90625
4,516,0.94379956,0.71875
4,517,0.48993167,0.8125
4,518,1.1918497,0.5625
4,519,0.69875807,0.75
4,520,0.8495999,0.78125
4,521,0.783603,0.78125
4,522,0.8747971,0.71875
4,523,1.0529052,0.75
4,524,0.95563483,0.75
4,525,0.5660648,0.90625
4,526,0.48636627,0.875
4,527,0.72661716,0.8125
4,528,0.7124615,0.78125
5,529,0.7261322,0.8125
5,530,0.84658825,0.6875
5,531,0.4773425,0.8125
5,532,0.81068736,0.84375
5,533,0.5938259,0.875
5,534,0.6833402,0.8125
5,535,0.7470407,0.78125
5,536,0.5610242,0.90625
5,537,0.44897535,0.90625
5,538,0.7927562,0.71875
5,539,0.62226385,0.84375
5,540,0.7039258,0.75
5,541,0.85961914,0.75
5,542,0.73547685,0.78125
5,543,1.1206102,0.6875
5,544,0.766594,0.78125
5,545,0.65810484,0.84375
5,546,0.5119686,0.96875
5,547,0.75782365,0.75
5,548,0.73433536,0.875
5,549,0.790092,0.8125
5,550,0.6261115,0.84375
5,551,0.58604103,0.90625
5,552,0.55438876,0.84375
5,553,0.5737292,0.84375
5,554,0.8759923,0.75
5,555,0.3839129,0.9375
5,556,0.8507148,0.75
5,557,0.46124893,0.9375
5,558,0.81887555,0.78125
5,559,1.1267086,0.71875
5,560,0.7114926,0.8125
5,561,0.84409285,0.78125
5,562,0.6897534,0.78125
5,563,0.82036996,0.75
5,564,0.88004905,0.75
5,565,0.78056896,0.8125
5,566,0.7560864,0.8125
5,567,0.6977466,0.78125
5,568,0.73657125,0.8125
5,569,0.85404736,0.84375
5,570,0.86640984,0.78125
5,571,0.5269966,0.90625
5,572,0.71420145,0.65625
5,573,0.44237894,0.9375
5,574,0.82562226,0.6875
5,575,0.81005603,0.78125
5,576,0.58237064,0.875
5,577,0.6957908,0.6875
5,578,0.802644,0.75
5,579,0.64808327,0.8125
5,580,0.696358,0.78125
5,581,0.56964165,0.875
5,582,0.521595,0.875
5,583,0.5050257,0.84375
5,584,0.74347204,0.78125
5,585,0.62509227,0.8125
5,586,0.6869289,0.84375
5,587,0.72180426,0.78125
5,588,0.6176369,0.875
5,589,0.33803338,0.9375
5,590,1.0822985,0.59375
5,591,1.1316175,0.71875
5,592,0.70171577,0.8125
5,593,0.5882527,0.84375
5,594,0.8028475,0.75
5,595,0.4227043,0.875
5,596,0.6099684,0.875
5,597,0.872228,0.65625
5,598,0.68447095,0.78125
5,599,0.7169689,0.84375
5,600,0.33160275,0.96875
5,601,0.49584973,0.84375
5,602,0.5397426,0.84375
5,603,0.6569265,0.8125
5,604,0.77311337,0.8125
5,605,0.9392229,0.78125
5,606,0.55151856,0.8125
5,607,0.96985346,0.71875
5,608,0.9606762,0.65625
5,609,0.584034,0.84375
5,610,0.6672477,0.8125
5,611,0.6613356,0.84375
5,612,0.42178738,0.90625
5,613,0.63575053,0.84375
5,614,0.5691615,0.875
5,615,0.8749486,0.75
5,616,0.56555015,0.875
5,617,1.040359,0.65625
5,618,0.52977884,0.875
5,619,0.46817932,0.90625
5,620,0.5874232,0.875
5,621,0.6941742,0.8125
5,622,0.48344994,0.875
5,623,0.75811386,0.78125
5,624,0.9061133,0.8125
5,625,0.6212519,0.78125
5,626,0.653263,0.8125
5,627,0.59527063,0.8125
5,628,0.6270418,0.84375
5,629,0.9086843,0.71875
5,630,0.75050044,0.6875
5,631,0.6108495,0.875
5,632,0.6246625,0.8125
5,633,0.6778467,0.78125
5,634,0.69483393,0.84375
5,635,0.7298677,0.8125
5,636,0.727425,0.75
5,637,0.6922146,0.875
5,638,0.58812475,0.78125
5,639,0.59584314,0.84375
5,640,0.5161144,0.9375
5,641,0.5931305,0.84375
5,642,1.0284765,0.71875
5,643,0.7470773,0.78125
5,644,0.80982906,0.84375
5,645,0.6656965,0.75
5,646,0.7926482,0.8125
5,647,0.76121616,0.75
5,648,0.79205865,0.75
5,649,0.41621694,0.90625
5,650,0.6087056,0.875
5,651,0.5873027,0.90625
5,652,0.96692616,0.8125
5,653,0.8698478,0.75
5,654,0.72359586,0.78125
5,655,0.33814064,0.90625
5,656,1.2349365,0.6875
5,657,0.74023324,0.84375
5,658,0.9366305,0.75
5,659,0.7375692,0.875
5,660,0.64323777,0.84375
6,661,0.8784911,0.75
6,662,0.68520665,0.8125
6,663,0.81353575,0.78125
6,664,0.71851313,0.875
6,665,0.7788866,0.75
6,666,0.7279355,0.84375
6,667,0.46724036,0.84375
6,668,0.55229986,0.875
6,669,0.64570653,0.875
6,670,0.32663444,0.9375
6,671,0.7357218,0.75
6,672,0.7324905,0.75
6,673,0.57010394,0.90625
6,674,0.4500016,0.90625
6,675,0.4843013,0.75
6,676,0.66160315,0.875
6,677,0.49054727,0.875
6,678,0.7521655,0.78125
6,679,0.65694267,0.78125
6,680,0.5642902,0.78125
6,681,0.69685465,0.8125
6,682,0.58200526,0.8125
6,683,0.48773527,0.84375
6,684,0.71268934,0.75
6,685,0.8457455,0.84375
6,686,0.8646123,0.78125
6,687,0.7058719,0.875
6,688,0.7466765,0.8125
6,689,0.6418695,0.8125
6,690,0.4202213,0.90625
6,691,0.70209414,0.78125
6,692,0.49427003,0.84375
6,693,0.46517223,0.9375
6,694,0.6143774,0.78125
6,695,0.65434057,0.84375
6,696,0.36239672,0.9375
6,697,0.6836042,0.8125
6,698,0.69819146,0.75
6,699,0.71376115,0.875
6,700,0.5834074,0.875
6,701,0.62403226,0.84375
6,702,0.9696188,0.6875
6,703,0.7250355,0.75
6,704,0.634296,0.8125
6,705,0.53661996,0.84375
6,706,0.7385984,0.78125
6,707,0.530487,0.75
6,708,0.8391481,0.875
6,709,0.6779318,0.8125
6,710,0.93322176,0.78125
6,711,0.6421932,0.8125
6,712,0.5741846,0.84375
6,713,0.8997626,0.8125
6,714,0.52277225,0.8125
6,715,0.9525275,0.71875
6,716,0.5441606,0.875
6,717,0.87962526,0.75
6,718,0.8531288,0.71875
6,719,0.41480964,0.9375
6,720,1.0759561,0.59375
6,721,0.47760317,0.875
6,722,0.39990857,0.9375
6,723,0.6701658,0.78125
6,724,0.3294359,0.9375
6,725,0.5611647,0.90625
6,726,0.43055323,0.90625
6,727,0.57683927,0.875
6,728,0.4088492,0.875
6,729,0.68726563,0.8125
6,730,0.58214533,0.84375
6,731,0.87267846,0.78125
6,732,0.5930222,0.8125
6,733,0.51309025,0.84375
6,734,0.51095426,0.90625
6,735,0.85359627,0.71875
6,736,0.7003392,0.8125
6,737,0.52014005,0.84375
6,738,0.741025,0.78125
6,739,0.60671425,0.78125
6,740,0.4311219,0.9375
6,741,0.49014345,0.9375
6,742,0.37000343,0.9375
6,743,0.66604567,0.84375
6,744,0.5339947,0.84375
6,745,0.68387544,0.875
6,746,0.4980295,0.96875
6,747,0.5801348,0.78125
6,748,0.93812615,0.6875
6,749,0.58211523,0.84375
6,750,0.6125941,0.84375
6,751,0.9005405,0.75
6,752,0.62935203,0.8125
6,753,0.8166231,0.75
6,754,1.0601466,0.625
6,755,0.80706596,0.78125
6,756,0.65882236,0.78125
6,757,0.3088115,0.9375
6,758,0.6755488,0.90625
6,759,0.5421538,0.84375
6,760,0.35820165,0.9375
6,761,0.8346946,0.78125
6,762,0.61397713,0.84375
6,763,0.44502518,0.90625
6,764,0.9380076,0.75
6,765,0.63083863,0.875
6,766,0.74002653,0.6875
6,767,0.44859335,0.875
6,768,0.44838065,0.875
6,769,0.31435144,0.9375
6,770,0.64442545,0.8125
6,771,0.4944702,0.875
6,772,0.57030976,0.875
6,773,0.72220707,0.84375
6,774,0.45088983,0.9375
6,775,0.79098433,0.75
6,776,0.58814615,0.875
6,777,0.6084453,0.875
6,778,0.33360672,0.875
6,779,0.62356806,0.78125
6,780,0.59477204,0.78125
6,781,0.5002893,0.8125
6,782,0.5243755,0.90625
6,783,0.44469434,0.84375
6,784,0.52832407,0.875
6,785,0.5460418,0.84375
6,786,0.63846076,0.78125
6,787,1.0507714,0.71875
6,788,0.5615246,0.9375
6,789,0.77181345,0.78125
6,790,0.6283064,0.84375
6,791,0.46084103,0.90625
6,792,0.57589674,0.9375
7,793,0.55952126,0.84375
7,794,0.78478616,0.78125
7,795,0.51703864,0.84375
7,796,0.5947075,0.84375
7,797,0.6059328,0.84375
7,798,0.47975987,0.8125
7,799,0.68693554,0.8125
7,800,0.24480522,0.9375
7,801,0.5340404,0.875
7,802,0.51055324,0.78125
7,803,0.5926096,0.84375
7,804,0.88606316,0.75
7,805,0.6362735,0.75
7,806,0.4505487,0.84375
7,807,0.66637135,0.78125
7,808,0.6476069,0.84375
7,809,0.5478704,0.8125
7,810,1.0436866,0.6875
7,811,0.53624445,0.875
7,812,0.6307063,0.75
7,813,0.555865,0.84375
7,814,0.56355256,0.84375
7,815,0.5886203,0.8125
7,816,0.6540727,0.875
7,817,0.46510053,0.90625
7,818,0.5337301,0.9375
7,819,0.8033315,0.75
7,820,0.8231536,0.71875
7,821,0.70382935,0.78125
7,822,0.39723045,0.90625
7,823,0.54162174,0.875
7,824,0.41875812,0.84375
7,825,0.53329325,0.84375
7,826,0.62365973,0.8125
7,827,0.52593833,0.84375
7,828,0.76235056,0.75
7,829,0.68824697,0.78125
7,830,0.53761804,0.90625
7,831,0.65017915,0.875
7,832,0.3009969,0.9375
7,833,0.48725748,0.875
7,834,0.71195376,0.875
7,835,0.8078975,0.75
7,836,0.8295562,0.75
7,837,0.43592343,0.84375
7,838,0.45668513,0.90625
7,839,0.5016366,0.90625
7,840,0.85705554,0.8125
7,841,0.57099736,0.8125
7,842,0.40188536,0.9375
7,843,0.5313926,0.875
7,844,0.6251376,0.8125
7,845,0.9193113,0.78125
7,846,0.5367763,0.9375
7,847,0.61906946,0.84375
7,848,0.51288337,0.875
7,849,0.66167027,0.8125
7,850,0.58671343,0.90625
7,851,0.57373023,0.84375
7,852,0.68004674,0.84375
7,853,0.6576512,0.8125
7,854,0.56239176,0.84375
7,855,0.9408154,0.78125
7,856,0.45026442,0.875
7,857,0.6648396,0.875
7,858,0.6792787,0.84375
7,859,0.5128118,0.90625
7,860,0.7812941,0.78125
7,861,0.6053389,0.84375
7,862,0.54788303,0.875
7,863,0.6624082,0.875
7,864,0.45901665,0.9375
7,865,0.9556887,0.625
7,866,0.5863945,0.84375
7,867,0.79731816,0.78125
7,868,0.5771189,0.875
7,869,0.7293885,0.78125
7,870,0.49171057,0.875
7,871,0.5935067,0.84375
7,872,0.44784054,0.90625
7,873,0.71174455,0.75
7,874,0.8202095,0.75
7,875,0.79388136,0.78125
7,876,0.5195192,0.84375
7,877,0.5719729,0.875
7,878,0.54173636,0.84375
7,879,0.23689517,0.96875
7,880,0.78861105,0.75
7,881,0.52767366,0.84375
7,882,0.6380845,0.78125
7,883,0.92256516,0.71875
7,884,0.4752349,0.875
7,885,0.60890937,0.8125
7,886,0.7522127,0.875
7,887,0.69936466,0.84375
7,888,0.44318774,0.875
7,889,0.6213843,0.8125
7,890,0.5999392,0.84375
7,891,0.5079856,0.84375
7,892,0.4743199,0.8125
7,893,0.6820193,0.8125
7,894,0.8127394,0.8125
7,895,0.8637256,0.71875
7,896,0.5098434,0.84375
7,897,0.38144833,0.90625
7,898,0.7058579,0.8125
7,899,0.62421936,0.78125
7,900,0.45833915,0.9375
7,901,0.52114934,0.875
7,902,0.77138,0.78125
7,903,0.49307996,0.78125
7,904,0.51485026,0.78125
7,905,0.48683533,0.9375
7,906,0.26548293,0.96875
7,907,0.4675626,0.84375
7,908,0.4301706,0.84375
7,909,0.9876621,0.71875
7,910,0.6478286,0.78125
7,911,0.6774599,0.8125
7,912,0.43271807,0.90625
7,913,0.74371296,0.90625
7,914,0.26719335,0.9375
7,915,0.5868628,0.875
7,916,1.0924239,0.71875
7,917,0.50579786,0.84375
7,918,0.58462846,0.875
7,919,0.81413686,0.8125
7,920,0.5068981,0.90625
7,921,0.8448874,0.65625
7,922,0.6541069,0.8125
7,923,0.42340568,0.90625
7,924,0.63412297,0.875
8,925,0.32623595,0.90625
8,926,0.5270006,0.84375
8,927,0.5426861,0.84375
8,928,0.533966,0.875
8,929,0.6088602,0.78125
8,930,0.55767167,0.875
8,931,0.6712544,0.875
8,932,0.5771864,0.78125
8,933,0.6484698,0.8125
8,934,0.49793097,0.90625
8,935,0.5708305,0.84375
8,936,0.4482875,0.875
8,937,0.6774203,0.8125
8,938,0.6751006,0.75
8,939,0.5576789,0.90625
8,940,0.6994478,0.8125
8,941,0.5782682,0.875
8,942,0.903271,0.8125
8,943,0.9466267,0.6875
8,944,0.7097919,0.78125
8,945,0.5255457,0.84375
8,946,0.46846026,0.875
8,947,0.44567186,0.9375
8,948,0.9295877,0.8125
8,949,0.31338665,0.9375
8,950,0.4520256,0.9375
8,951,0.61730516,0.84375
8,952,0.60131115,0.875
8,953,0.5050595,0.9375
8,954,0.5856721,0.78125
8,955,0.55618477,0.84375
8,956,0.4403865,0.9375
8,957,0.5957367,0.84375
8,958,0.6606239,0.8125
8,959,0.8772876,0.75
8,960,0.42809743,0.9375
8,961,0.6737107,0.75
8,962,0.6171675,0.84375
8,963,0.5184882,0.875
8,964,0.5345437,0.875
8,965,0.62098944,0.78125
8,966,0.5853544,0.875
8,967,0.85953426,0.8125
8,968,0.62188554,0.8125
8,969,0.42235708,0.90625
8,970,0.43192497,0.875
8,971,0.6301077,0.8125
8,972,0.6166416,0.78125
8,973,0.80338234,0.6875
8,974,0.43422157,0.875
8,975,0.3749209,0.90625
8,976,0.679358,0.84375
8,977,0.33774722,0.96875
8,978,0.579587,0.84375
8,979,0.49840206,0.78125
8,980,0.7584956,0.75
8,981,0.74710757,0.78125
8,982,0.421101,0.90625
8,983,0.65252894,0.8125
8,984,0.64711314,0.78125
8,985,0.6865275,0.8125
8,986,0.39993113,0.875
8,987,0.6946716,0.8125
8,988,0.61471117,0.875
8,989,0.58231914,0.84375
8,990,0.44390225,0.875
8,991,0.5043527,0.84375
8,992,0.8807715,0.6875
8,993,0.39027914,0.9375
8,994,0.42722777,0.9375
8,995,0.66505533,0.875
8,996,0.5999876,0.8125
8,997,0.6014452,0.78125
8,998,0.6670172,0.8125
8,999,0.7377288,0.84375
8,1000,0.75408655,0.75
8,1001,0.49447778,0.875
8,1002,0.5933896,0.84375
8,1003,0.74527776,0.75
8,1004,1.0322664,0.5625
8,1005,0.74193734,0.8125
8,1006,0.6545819,0.78125
8,1007,0.3948189,0.96875
8,1008,0.54811114,0.84375
8,1009,0.8223395,0.75
8,1010,0.5162717,0.875
8,1011,0.615105,0.875
8,1012,0.5434355,0.90625
8,1013,0.37234917,0.875
8,1014,0.61058986,0.90625
8,1015,0.7140711,0.8125
8,1016,0.7163417,0.78125
8,1017,0.7085646,0.84375
8,1018,0.8412269,0.71875
8,1019,0.50045437,0.8125
8,1020,0.8638228,0.6875
8,1021,0.6564127,0.78125
8,1022,0.85168356,0.75
8,1023,0.4032888,0.84375
8,1024,0.6814446,0.78125
8,1025,0.86501414,0.78125
8,1026,0.6425113,0.8125
8,1027,0.5765451,0.84375
8,1028,0.69273305,0.78125
8,1029,0.49843106,0.8125
8,1030,0.4863534,0.78125
8,1031,0.7038533,0.78125
8,1032,0.52897954,0.84375
8,1033,0.43215853,0.875
8,1034,0.33826065,0.96875
8,1035,0.62895995,0.75
8,1036,0.60377204,0.8125
8,1037,0.7506444,0.78125
8,1038,0.53043926,0.875
8,1039,0.47255626,0.875
8,1040,0.5128142,0.90625
8,1041,0.5731671,0.875
8,1042,0.53217095,0.84375
8,1043,0.51017773,0.875
8,1044,0.7101745,0.78125
8,1045,0.4129815,0.9375
8,1046,0.56627536,0.84375
8,1047,0.56902164,0.8125
8,1048,0.5257831,0.8125
8,1049,0.42888352,0.90625
8,1050,0.6589476,0.8125
8,1051,0.67496634,0.8125
8,1052,0.6649984,0.8125
8,1053,0.69857836,0.875
8,1054,0.7312384,0.75
8,1055,0.6462537,0.75
8,1056,0.43477902,0.78125
9,1057,0.64733225,0.84375
9,1058,0.5960239,0.84375
9,1059,0.720085,0.84375
9,1060,0.75174993,0.78125
9,1061,0.5906058,0.84375
9,1062,0.7740966,0.75
9,1063,0.42630792,0.875
9,1064,0.5121813,0.9375
9,1065,0.5655382,0.84375
9,1066,0.696615,0.875
9,1067,0.6183674,0.84375
9,1068,0.85152376,0.71875
9,1069,0.7080573,0.75
9,1070,0.5300972,0.84375
9,1071,0.9294546,0.75
9,1072,0.68587,0.84375
9,1073,0.23848115,0.9375
9,1074,0.6916292,0.78125
9,1075,0.49660316,0.875
9,1076,0.29753274,0.96875
9,1077,0.6794996,0.71875
9,1078,0.40471599,0.90625
9,1079,0.6959302,0.84375
9,1080,0.8287977,0.71875
9,1081,0.28631657,0.9375
9,1082,0.35636964,0.96875
9,1083,0.37228566,0.90625
9,1084,0.36952636,0.90625
9,1085,0.5990965,0.84375
9,1086,0.59977585,0.875
9,1087,0.6848645,0.8125
9,1088,0.49548838,0.875
9,1089,0.46146026,0.875
9,1090,0.77048653,0.75
9,1091,0.62090564,0.8125
9,1092,0.546377,0.8125
9,1093,0.4543133,0.84375
9,1094,0.39972278,0.84375
9,1095,0.6089337,0.8125
9,1096,0.46729204,0.84375
9,1097,0.6178084,0.84375
9,1098,0.6214469,0.84375
9,1099,0.4620115,0.84375
9,1100,0.5260856,0.8125
9,1101,0.5449102,0.8125
9,1102,0.3223848,0.90625
9,1103,0.51519465,0.90625
9,1104,0.65062875,0.71875
9,1105,0.5254976,0.8125
9,1106,0.73005205,0.78125
9,1107,0.7064696,0.8125
9,1108,0.4247895,0.90625
9,1109,0.4030715,0.9375
9,1110,0.48038173,0.84375
9,1111,0.5731873,0.8125
9,1112,0.47017306,0.84375
9,1113,0.7024085,0.8125
9,1114,0.5089356,0.84375
9,1115,0.48795965,0.875
9,1116,0.5537276,0.78125
9,1117,0.59678036,0.84375
9,1118,0.8538694,0.71875
9,1119,0.47920683,0.84375
9,1120,0.91649866,0.65625
9,1121,0.48464426,0.875
9,1122,0.53495514,0.84375
9,1123,1.1285319,0.6875
9,1124,0.5032216,0.875
9,1125,0.541026,0.875
9,1126,0.53409827,0.875
9,1127,1.0411779,0.71875
9,1128,0.47470412,0.84375
9,1129,0.7310728,0.84375
9,1130,0.29404408,0.9375
9,1131,0.63807875,0.75
9,1132,0.57346225,0.84375
9,1133,0.47864947,0.90625
9,1134,0.33367088,0.90625
9,1135,0.5508348,0.84375
9,1136,0.46484497,0.875
9,1137,0.49749893,0.8125
9,1138,0.549598,0.84375
9,1139,0.66270804,0.8125
9,1140,0.63163143,0.8125
9,1141,0.3477475,0.96875
9,1142,0.49543178,0.875
9,1143,0.7426276,0.8125
9,1144,0.36401948,0.875
9,1145,0.4196057,0.90625
9,1146,0.8171177,0.78125
9,1147,0.54542017,0.84375
9,1148,0.53636646,0.84375
9,1149,0.5660321,0.8125
9,1150,0.6253826,0.84375
9,1151,1.0490005,0.53125
9,1152,0.95997643,0.6875
9,1153,0.61711437,0.8125
9,1154,0.60959965,0.8125
9,1155,0.67332673,0.8125
9,1156,0.7373333,0.8125
9,1157,0.80522937,0.84375
9,1158,0.62012774,0.8125
9,1159,0.3373822,0.9375
9,1160,0.49666184,0.90625
9,1161,0.56602955,0.84375
9,1162,0.5959813,0.8125
9,1163,0.5820221,0.8125
9,1164,0.485572,0.90625
9,1165,0.6405904,0.8125
9,1166,0.7771186,0.75
9,1167,0.52426624,0.875
9,1168,0.45183468,0.8125
9,1169,0.47334388,0.875
9,1170,0.52388674,0.875
9,1171,0.5685893,0.84375
9,1172,0.5895946,0.84375
9,1173,0.65073305,0.84375
9,1174,0.58796763,0.84375
9,1175,0.4621168,0.90625
9,1176,0.5149445,0.90625
9,1177,0.44160938,0.875
9,1178,0.69648224,0.84375
9,1179,0.38922733,0.875
9,1180,0.42723528,0.90625
9,1181,0.7300812,0.6875
9,1182,0.8718941,0.71875
9,1183,0.47516504,0.96875
9,1184,0.47638905,0.875
9,1185,0.8376434,0.75
9,1186,0.53311926,0.875
9,1187,0.5297772,0.84375
9,1188,0.9021618,0.65625
10,1189,0.5921067,0.84375
10,1190,0.8086484,0.6875
10,1191,0.45527187,0.90625
10,1192,0.4608176,0.84375
10,1193,0.52579117,0.84375
10,1194,0.5200166,0.90625
10,1195,0.54830253,0.84375
10,1196,0.7327383,0.875
10,1197,0.54188764,0.78125
10,1198,0.5301556,0.875
10,1199,0.69812584,0.78125
10,1200,0.804984,0.75
10,1201,0.66854054,0.78125
10,1202,0.42267945,0.9375
10,1203,0.46535826,0.875
10,1204,0.5773653,0.8125
10,1205,0.7304922,0.8125
10,1206,0.43550417,0.84375
10,1207,0.6536677,0.875
10,1208,0.4559302,0.90625
10,1209,0.8044774,0.78125
10,1210,0.54491967,0.84375
10,1211,0.5947015,0.875
10,1212,0.5137352,0.8125
10,1213,0.7453986,0.78125
10,1214,0.4538808,0.875
10,1215,0.53378814,0.8125
10,1216,0.8148933,0.75
10,1217,0.55569094,0.84375
10,1218,0.37726682,0.9375
10,1219,0.62181705,0.8125
10,1220,0.57967764,0.84375
10,1221,0.3885656,0.90625
10,1222,0.6347403,0.84375
10,1223,0.6899118,0.78125
10,1224,0.6743793,0.78125
10,1225,0.66804075,0.875
10,1226,0.622651,0.90625
10,1227,0.5122466,0.8125
10,1228,0.39261153,0.8125
10,1229,0.5199246,0.78125
10,1230,0.5834626,0.8125
10,1231,0.4979076,0.875
10,1232,0.27143803,0.96875
10,1233,0.5959429,0.8125
10,1234,0.58201146,0.78125
10,1235,0.46611837,0.875
10,1236,0.53680646,0.875
10,1237,0.55827695,0.875
10,1238,0.85632735,0.71875
10,1239,0.6943344,0.75
10,1240,0.73598313,0.78125
10,1241,0.45452765,0.875
10,1242,0.67740524,0.8125
10,1243,0.44043306,0.84375
10,1244,1.1254679,0.65625
10,1245,0.9865941,0.6875
10,1246,0.56851095,0.8125
10,1247,0.6906701,0.78125
10,1248,0.79412186,0.6875
10,1249,0.6154005,0.8125
10,1250,0.6510866,0.8125
10,1251,0.62449485,0.84375
10,1252,0.57738227,0.8125
10,1253,0.38234586,0.90625
10,1254,0.61347735,0.84375
10,1255,0.5037102,0.84375
10,1256,0.5501913,0.78125
10,1257,0.33239287,0.90625
10,1258,0.5183724,0.84375
10,1259,0.38712347,0.96875
10,1260,0.8096452,0.75
10,1261,0.39210445,0.8125
10,1262,0.52492785,0.8125
10,1263,0.6062016,0.875
10,1264,0.4818139,0.8125
10,1265,0.7222884,0.71875
10,1266,0.46213827,0.84375
10,1267,0.3964293,0.78125
10,1268,0.4939686,0.90625
10,1269,0.6753824,0.78125
10,1270,0.64747787,0.8125
10,1271,0.39418438,0.90625
10,1272,0.5646066,0.78125
10,1273,0.6087746,0.84375
10,1274,0.5060948,0.8125
10,1275,0.5930348,0.84375
10,1276,0.46423012,0.90625
10,1277,0.43512064,0.875
10,1278,0.8927369,0.75
10,1279,0.38877586,0.875
10,1280,0.4703069,0.84375
10,1281,0.9113528,0.71875
10,1282,0.49751297,0.78125
10,1283,0.69398105,0.78125
10,1284,0.43211463,0.875
10,1285,0.3196492,0.90625
10,1286,0.57455075,0.78125
10,1287,0.53146976,0.8125
10,1288,0.7580581,0.78125
10,1289,0.7338526,0.8125
10,1290,0.4342691,0.875
10,1291,0.49639472,0.84375
10,1292,0.8271371,0.8125
10,1293,0.4744888,0.84375
10,1294,0.5426597,0.84375
10,1295,0.7197203,0.78125
10,1296,0.31451637,0.9375
10,1297,0.3818737,0.9375
10,1298,0.64884996,0.78125
10,1299,0.89475965,0.75
10,1300,0.78921574,0.8125
10,1301,0.31558186,0.96875
10,1302,0.80682355,0.75
10,1303,0.66087264,0.84375
10,1304,0.35938144,0.90625
10,1305,0.44017437,0.84375
10,1306,0.45178598,0.90625
10,1307,0.5782432,0.90625
10,1308,0.50739616,0.875
10,1309,0.4556984,0.84375
10,1310,0.4289251,0.90625
10,1311,0.62561464,0.8125
10,1312,0.88498694,0.71875
10,1313,0.7633704,0.71875
10,1314,0.5909898,0.78125
10,1315,0.47646552,0.875
10,1316,0.29220203,0.9375
10,1317,0.84861624,0.6875
10,1318,0.8418046,0.75
10,1319,0.45197007,0.9375
10,1320,0.47160578,0.875
11,1321,0.5564141,0.84375
11,1322,0.48221925,0.875
11,1323,0.69013906,0.84375
11,1324,0.76841396,0.71875
11,1325,0.25956583,0.90625
11,1326,0.8735903,0.75
11,1327,0.44248408,0.9375
11,1328,0.8408894,0.75
11,1329,0.592921,0.875
11,1330,0.5860121,0.8125
11,1331,0.8220003,0.8125
11,1332,0.5585388,0.84375
11,1333,0.4669443,0.84375
11,1334,0.75798583,0.78125
11,1335,0.44662195,0.90625
11,1336,0.48473325,0.90625
11,1337,0.47999173,0.90625
11,1338,0.62823856,0.78125
11,1339,0.7352536,0.65625
11,1340,0.42673033,0.90625
11,1341,0.4657035,0.90625
11,1342,0.60046375,0.84375
11,1343,0.79897517,0.71875
11,1344,0.3801348,0.96875
11,1345,1.0655636,0.65625
11,1346,0.6708973,0.78125
11,1347,0.6680149,0.78125
11,1348,0.27514344,0.9375
11,1349,0.8020771,0.75
11,1350,0.4077209,0.90625
11,1351,0.63170236,0.8125
11,1352,0.54525614,0.8125
11,1353,0.27032587,0.96875
11,1354,0.39012915,0.96875
11,1355,0.4373672,0.78125
11,1356,0.5131472,0.84375
11,1357,0.51437044,0.8125
11,1358,0.5975046,0.875
11,1359,0.70317495,0.6875
11,1360,0.619321,0.8125
11,1361,0.40252692,0.9375
11,1362,0.5894088,0.875
11,1363,0.95829433,0.6875
11,1364,0.8057116,0.78125
11,1365,0.59709084,0.875
11,1366,0.748562,0.75
11,1367,0.7782427,0.78125
11,1368,0.25004452,0.96875
11,1369,0.51740783,0.84375
11,1370,0.6374109,0.84375
11,1371,0.38358617,0.9375
11,1372,0.66608506,0.71875
11,1373,0.6758817,0.84375
11,1374,0.63802403,0.78125
11,1375,0.7359371,0.75
11,1376,0.46479788,0.84375
11,1377,0.64713806,0.875
11,1378,0.45488834,0.875
11,1379,0.34705928,0.9375
11,1380,0.5566005,0.84375
11,1381,0.3971356,0.90625
11,1382,0.69358975,0.84375
11,1383,0.5658345,0.875
11,1384,0.5720735,0.8125
11,1385,0.6474874,0.875
11,1386,0.5296259,0.84375
11,1387,0.5199379,0.84375
11,1388,0.36437708,0.9375
11,1389,0.45661312,0.84375
11,1390,0.47914448,0.875
11,1391,0.5737565,0.875
11,1392,0.42787623,0.84375
11,1393,0.51039875,0.875
11,1394,0.4161997,0.90625
11,1395,0.44976893,0.90625
11,1396,0.70333415,0.78125
11,1397,0.41741064,0.9375
11,1398,0.49712172,0.90625
11,1399,0.51053447,0.875
11,1400,0.5101727,0.8125
11,1401,0.5691159,0.875
11,1402,0.5973458,0.84375
11,1403,0.47250038,0.8125
11,1404,0.7813287,0.71875
11,1405,0.36653492,0.90625
11,1406,0.5156829,0.75
11,1407,0.64003825,0.8125
11,1408,0.3396205,0.875
11,1409,0.71571535,0.78125
11,1410,0.66030645,0.84375
11,1411,0.6129628,0.8125
11,1412,0.7743905,0.78125
11,1413,0.918141,0.71875
11,1414,0.38705483,0.9375
11,1415,0.6518542,0.8125
11,1416,0.6182575,0.78125
11,1417,0.43660063,0.90625
11,1418,0.53979456,0.84375
11,1419,0.41627756,0.875
11,1420,0.488838,0.875
11,1421,0.55289966,0.8125
11,1422,0.5989748,0.75
11,1423,0.62850463,0.78125
11,1424,0.5366818,0.90625
11,1425,0.21383904,1.0
11,1426,0.37574598,0.96875
11,1427,0.6574941,0.78125
11,1428,0.49630228,0.875
11,1429,0.26830614,0.90625
11,1430,0.6779767,0.84375
11,1431,0.57717454,0.78125
11,1432,0.7171147,0.875
11,1433,0.4463796,0.78125
11,1434,0.39408505,0.9375
11,1435,0.6104287,0.875
11,1436,0.5215895,0.90625
11,1437,0.563369,0.84375
11,1438,0.46191862,0.8125
11,1439,0.8253125,0.8125
11,1440,0.55240375,0.78125
11,1441,0.45345017,0.875
11,1442,0.68918455,0.78125
11,1443,0.8044088,0.71875
11,1444,0.8848913,0.75
11,1445,0.49957934,0.90625
11,1446,0.59804875,0.84375
11,1447,0.47773507,0.90625
11,1448,0.48111308,0.84375
11,1449,0.4333141,0.875
11,1450,0.6748864,0.78125
11,1451,0.53187484,0.84375
11,1452,0.39287138,0.84375
12,1453,0.5584632,0.84375
12,1454,0.53665894,0.875
12,1455,0.5534389,0.875
12,1456,0.42039162,0.875
12,1457,0.5816551,0.78125
12,1458,0.37097868,0.90625
12,1459,0.44285876,0.875
12,1460,0.4792389,0.84375
12,1461,0.45395675,0.875
12,1462,0.43408993,0.875
12,1463,0.6484364,0.8125
12,1464,0.65124327,0.8125
12,1465,0.52222514,0.78125
12,1466,0.42419922,0.90625
12,1467,0.33538333,0.96875
12,1468,0.43681988,0.90625
12,1469,0.42556694,0.84375
12,1470,0.32071683,0.96875
12,1471,0.36556453,0.90625
12,1472,0.5048131,0.84375
12,1473,0.6480943,0.78125
12,1474,0.49415705,0.90625
12,1475,0.4252223,0.9375
12,1476,0.48082787,0.875
12,1477,0.61900616,0.78125
12,1478,0.53371626,0.84375
12,1479,0.7192264,0.71875
12,1480,0.35627696,0.90625
12,1481,0.63221383,0.8125
12,1482,0.5196977,0.875
12,1483,0.664396,0.71875
12,1484,0.5635537,0.90625
12,1485,0.45081934,0.8125
12,1486,0.60047126,0.78125
12,1487,0.61685026,0.875
12,1488,0.39311242,0.90625
12,1489,0.48721227,0.875
12,1490,0.4329012,0.9375
12,1491,0.645924,0.84375
12,1492,0.5404162,0.8125
12,1493,0.45385894,0.875
12,1494,0.580174,0.875
12,1495,0.52619773,0.875
12,1496,0.52652967,0.78125
12,1497,0.5787454,0.84375
12,1498,0.359612,0.9375
12,1499,0.3401704,0.9375
12,1500,0.56195116,0.8125
12,1501,0.56096965,0.8125
12,1502,0.32250753,0.90625
12,1503,0.6377359,0.8125
12,1504,0.44563085,0.84375
12,1505,0.49123925,0.90625
12,1506,0.62230337,0.8125
12,1507,0.61686796,0.875
12,1508,0.59881675,0.875
12,1509,0.59009725,0.84375
12,1510,0.52656585,0.78125
12,1511,0.5738929,0.84375
12,1512,0.43792167,0.9375
12,1513,0.369327,0.875
12,1514,0.56075317,0.8125
12,1515,0.5606623,0.78125
12,1516,0.548053,0.78125
12,1517,0.5170835,0.84375
12,1518,0.6232737,0.84375
12,1519,0.5046302,0.8125
12,1520,0.671892,0.875
12,1521,0.5944917,0.78125
12,1522,0.49265966,0.96875
12,1523,0.36513147,0.90625
12,1524,0.58737946,0.875
12,1525,0.85296446,0.71875
12,1526,0.35505253,0.9375
12,1527,0.81425506,0.6875
12,1528,0.71342593,0.75
12,1529,0.67338705,0.84375
12,1530,0.35286492,0.875
12,1531,0.79498,0.71875
12,1532,0.29566273,0.9375
12,1533,0.31363493,0.9375
12,1534,0.4321187,0.8125
12,1535,0.80623066,0.78125
12,1536,0.38525143,0.9375
12,1537,0.41307628,0.875
12,1538,0.5351876,0.78125
12,1539,0.42219195,0.875
12,1540,0.678034,0.78125
12,1541,0.7650028,0.75
12,1542,0.55748314,0.78125
12,1543,0.9292076,0.78125
12,1544,0.62290716,0.78125
12,1545,0.25851116,0.9375
12,1546,0.69587153,0.75
12,1547,0.5501201,0.875
12,1548,0.7476524,0.75
12,1549,0.3424246,0.875
12,1550,0.48044115,0.875
12,1551,0.74893695,0.78125
12,1552,0.5873639,0.9375
12,1553,0.2942238,0.90625
12,1554,0.5212252,0.84375
12,1555,0.63868546,0.78125
12,1556,0.5735133,0.78125
12,1557,0.46019176,0.875
12,1558,0.31504413,0.9375
12,1559,0.39782405,0.875
12,1560,0.61317915,0.8125
12,1561,0.60393614,0.8125
12,1562,0.71045357,0.8125
12,1563,0.32401934,0.90625
12,1564,0.5374111,0.84375
12,1565,0.48428407,0.8125
12,1566,0.45252597,0.90625
12,1567,0.5497146,0.84375
12,1568,0.71656144,0.8125
12,1569,0.63529766,0.8125
12,1570,0.5944401,0.8125
12,1571,0.8905637,0.78125
12,1572,0.72690845,0.75
12,1573,1.0649009,0.6875
12,1574,0.5381754,0.84375
12,1575,0.28098714,0.9375
12,1576,0.4091674,0.84375
12,1577,0.49115455,0.875
12,1578,0.7122515,0.8125
12,1579,0.7156361,0.75
12,1580,0.77679616,0.8125
12,1581,0.5243056,0.875
12,1582,0.40456504,0.9375
12,1583,0.3775883,0.90625
12,1584,0.7761756,0.75
13,1585,0.7078654,0.84375
13,1586,0.66698706,0.78125
13,1587,0.8289289,0.78125
13,1588,0.527892,0.875
13,1589,0.6062773,0.84375
13,1590,0.7510011,0.71875
13,1591,0.27406037,0.9375
13,1592,0.42976812,0.84375
13,1593,0.436679,0.90625
13,1594,0.5204239,0.84375
13,1595,0.5697689,0.84375
13,1596,0.42622334,0.875
13,1597,0.5555337,0.78125
13,1598,0.5621,0.84375
13,1599,0.36239502,0.875
13,1600,0.6069448,0.875
13,1601,0.62285924,0.84375
13,1602,0.4351387,0.90625
13,1603,0.65853566,0.75
13,1604,0.4384438,0.84375
13,1605,0.36410132,0.9375
13,1606,0.4455827,0.875
13,1607,0.38698706,0.84375
13,1608,0.68541425,0.78125
13,1609,0.67636454,0.75
13,1610,0.5435703,0.84375
13,1611,0.53236556,0.84375
13,1612,0.32686326,0.96875
13,1613,0.37288713,0.90625
13,1614,0.38781765,0.875
13,1615,0.38724205,0.84375
13,1616,0.5097017,0.84375
13,1617,0.44625667,0.84375
13,1618,0.5845437,0.84375
13,1619,0.509716,0.84375
13,1620,0.7412239,0.78125
13,1621,0.28029746,1.0
13,1622,0.6081553,0.84375
13,1623,0.55433804,0.875
13,1624,0.5806662,0.78125
13,1625,0.41183043,0.90625
13,1626,0.32043818,0.90625
13,1627,0.38101578,0.90625
13,1628,0.6759681,0.8125
13,1629,0.5287379,0.875
13,1630,0.66683465,0.8125
13,1631,0.5474504,0.875
13,1632,0.41120374,0.84375
13,1633,0.6075671,0.8125
13,1634,0.6180078,0.78125
13,1635,0.37944293,0.875
13,1636,0.6251017,0.8125
13,1637,0.62522197,0.78125
13,1638,0.9486357,0.71875
13,1639,0.42191553,0.84375
13,1640,0.6106859,0.78125
13,1641,0.4767089,0.9375
13,1642,0.4600102,0.875
13,1643,0.6576518,0.8125
13,1644,0.7128191,0.875
13,1645,0.83249474,0.78125
13,1646,0.42574394,0.84375
13,1647,0.4582962,0.84375
13,1648,0.6625857,0.875
13,1649,0.5814401,0.78125
13,1650,0.33452246,0.9375
13,1651,0.732546,0.78125
13,1652,0.39459208,0.875
13,1653,0.5855659,0.78125
13,1654,0.66039044,0.84375
13,1655,0.8140861,0.78125
13,1656,0.49714842,0.84375
13,1657,0.45945752,0.875
13,1658,0.5857256,0.78125
13,1659,0.8250613,0.6875
13,1660,0.38250342,0.90625
13,1661,0.79460436,0.75
13,1662,0.6107758,0.78125
13,1663,0.54193884,0.84375
13,1664,0.46283576,0.90625
13,1665,0.70754695,0.71875
13,1666,0.35092133,0.84375
13,1667,0.6026666,0.8125
13,1668,0.49446827,0.90625
13,1669,0.64131016,0.8125
13,1670,0.65912896,0.75
13,1671,0.72375774,0.8125
13,1672,0.5596319,0.78125
13,1673,0.51426923,0.875
13,1674,0.5556263,0.84375
13,1675,0.4511554,0.84375
13,1676,0.53395116,0.8125
13,1677,0.5421678,0.875
13,1678,0.66564137,0.8125
13,1679,0.5254691,0.84375
13,1680,0.71088016,0.75
13,1681,0.31162706,0.90625
13,1682,0.5001495,0.84375
13,1683,0.49516505,0.9375
13,1684,0.40044335,0.875
13,1685,0.35749796,0.96875
13,1686,0.34003162,0.9375
13,1687,0.60926485,0.84375
13,1688,0.49122208,0.875
13,1689,0.35162938,0.90625
13,1690,0.4925328,0.84375
13,1691,0.4674627,0.84375
13,1692,0.46856242,0.875
13,1693,0.3470808,0.90625
13,1694,0.64168274,0.8125
13,1695,0.7189173,0.875
13,1696,0.5922741,0.875
13,1697,0.52986354,0.90625
13,1698,0.71774495,0.78125
13,1699,0.6332181,0.84375
13,1700,0.42141196,0.8125
13,1701,0.56265575,0.78125
13,1702,0.45952213,0.875
13,1703,0.3777453,0.875
13,1704,0.42572752,0.875
13,1705,0.5103439,0.90625
13,1706,0.689129,0.84375
13,1707,0.4647461,0.84375
13,1708,0.5433778,0.9375
13,1709,0.5101925,0.78125
13,1710,0.90555954,0.6875
13,1711,0.5546829,0.90625
13,1712,0.73546404,0.84375
13,1713,0.65049064,0.90625
13,1714,0.60268587,0.8125
13,1715,0.5931238,0.8125
13,1716,0.42636278,0.9375
14,1717,0.4571888,0.84375
14,1718,0.5924541,0.8125
14,1719,0.5729599,0.84375
14,1720,0.75944155,0.75
14,1721,0.2902999,0.9375
14,1722,0.42354837,0.90625
14,1723,1.0104618,0.65625
14,1724,0.3718739,0.9375
14,1725,0.5649221,0.84375
14,1726,0.58530664,0.875
14,1727,0.50608426,0.875
14,1728,0.67909,0.8125
14,1729,0.81408787,0.75
14,1730,0.7485045,0.78125
14,1731,0.551407,0.75
14,1732,0.80701864,0.6875
14,1733,0.40495023,0.96875
14,1734,0.42076808,0.9375
14,1735,0.42297903,0.90625
14,1736,0.55435556,0.875
14,1737,0.66055274,0.875
14,1738,0.2927634,0.9375
14,1739,0.665011,0.78125
14,1740,0.6149625,0.78125
14,1741,0.5451899,0.84375
14,1742,0.63792366,0.875
14,1743,0.29873616,0.96875
14,1744,0.3782984,0.875
14,1745,0.5280874,0.84375
14,1746,0.54218924,0.8125
14,1747,0.37141594,0.96875
14,1748,0.57585424,0.84375
14,1749,0.4611368,0.84375
14,1750,0.6542995,0.78125
14,1751,0.37779105,0.875
14,1752,0.77931756,0.78125
14,1753,0.6097486,0.78125
14,1754,0.38511965,0.875
14,1755,0.5758074,0.75
14,1756,0.52474576,0.875
14,1757,0.5567357,0.875
14,1758,0.43910563,0.84375
14,1759,0.56064284,0.90625
14,1760,0.6741463,0.84375
14,1761,0.4822414,0.8125
14,1762,0.2559527,0.9375
14,1763,0.92492133,0.75
14,1764,0.37137273,0.9375
14,1765,0.58613366,0.8125
14,1766,0.59137154,0.78125
14,1767,0.74409425,0.875
14,1768,0.5991106,0.84375
14,1769,0.6171711,0.8125
14,1770,0.43200946,0.90625
14,1771,0.7546954,0.875
14,1772,0.43304554,0.9375
14,1773,0.53647745,0.90625
14,1774,0.5869122,0.78125
14,1775,0.49512526,0.78125
14,1776,0.34008217,0.9375
14,1777,0.4258187,0.875
14,1778,0.41352886,0.84375
14,1779,0.6947494,0.8125
14,1780,0.60338223,0.78125
14,1781,0.7937832,0.84375
14,1782,0.4470454,0.9375
14,1783,0.44499484,0.875
14,1784,0.5376606,0.8125
14,1785,0.7601286,0.75
14,1786,0.44023934,0.90625
14,1787,0.77430385,0.78125
14,1788,0.57625896,0.90625
14,1789,0.30534163,0.90625
14,1790,0.6133246,0.8125
14,1791,0.76092905,0.78125
14,1792,0.7051948,0.78125
14,1793,0.42978528,0.875
14,1794,0.60812956,0.84375
14,1795,0.45794442,0.875
14,1796,0.4876912,0.90625
14,1797,0.64286417,0.8125
14,1798,0.65088475,0.84375
14,1799,0.37942305,0.90625
14,1800,0.43466067,0.875
14,1801,0.3623155,0.9375
14,1802,0.5550975,0.84375
14,1803,0.65973556,0.875
14,1804,0.65201217,0.78125
14,1805,0.59329766,0.8125
14,1806,0.5799302,0.84375
14,1807,0.7637121,0.8125
14,1808,0.30358085,0.9375
14,1809,0.41504425,0.90625
14,1810,0.50365746,0.84375
14,1811,0.461052,0.875
14,1812,0.61673695,0.84375
14,1813,0.47742012,0.90625
14,1814,0.79512316,0.75
14,1815,0.5723324,0.84375
14,1816,0.6456965,0.78125
14,1817,0.5243665,0.84375
14,1818,0.49105865,0.84375
14,1819,0.50930387,0.875
14,1820,0.40016925,0.84375
14,1821,0.6557454,0.78125
14,1822,0.2811152,0.9375
14,1823,0.5156511,0.78125
14,1824,0.68988264,0.75
14,1825,0.47239113,0.84375
14,1826,0.38750628,0.84375
14,1827,0.6741397,0.78125
14,1828,0.5401596,0.84375
14,1829,0.46142277,0.875
14,1830,0.5032728,0.84375
14,1831,0.5182467,0.84375
14,1832,0.42452535,0.96875
14,1833,0.38210467,0.90625
14,1834,0.36985722,0.875
14,1835,0.40345094,0.9375
14,1836,0.59236497,0.78125
14,1837,0.45826113,0.90625
14,1838,0.39038762,0.84375
14,1839,0.5525879,0.875
14,1840,0.6038947,0.8125
14,1841,0.46617723,0.875
14,1842,0.53958154,0.8125
14,1843,0.37423062,0.875
14,1844,0.46058148,0.90625
14,1845,0.2620808,0.9375
14,1846,0.69437975,0.8125
14,1847,0.4402542,0.84375
14,1848,0.45064396,0.90625
15,1849,0.36841732,0.90625
15,1850,0.69559616,0.78125
15,1851,0.73409307,0.78125
15,1852,0.5180835,0.84375
15,1853,0.5988647,0.8125
15,1854,0.6406423,0.84375
15,1855,0.5826272,0.875
15,1856,0.5910181,0.8125
15,1857,0.4781399,0.84375
15,1858,0.6278259,0.78125
15,1859,0.45696217,0.84375
15,1860,0.38891548,0.90625
15,1861,0.27303985,0.9375
15,1862,0.7393329,0.78125
15,1863,0.46896857,0.90625
15,1864,0.6718039,0.8125
15,1865,0.3057191,0.9375
15,1866,0.5347824,0.84375
15,1867,0.6850269,0.84375
15,1868,0.41646656,0.875
15,1869,0.6407656,0.8125
15,1870,0.4480218,0.9375
15,1871,0.64132214,0.875
15,1872,0.4197228,0.84375
15,1873,0.4374595,0.90625
15,1874,0.63404346,0.8125
15,1875,0.4549364,0.9375
15,1876,0.37236616,0.96875
15,1877,0.31118023,0.96875
15,1878,0.25072575,0.9375
15,1879,0.31398055,0.9375
15,1880,0.53733116,0.75
15,1881,0.41457564,0.90625
15,1882,0.4417691,0.875
15,1883,0.47729257,0.8125
15,1884,0.43499056,0.90625
15,1885,0.7748884,0.75
15,1886,0.6273044,0.8125
15,1887,0.27526194,0.96875
15,1888,0.32630467,0.90625
15,1889,0.66037995,0.8125
15,1890,0.32942998,0.9375
15,1891,0.4958293,0.84375
15,1892,0.33927652,0.9375
15,1893,0.35086915,0.90625
15,1894,0.42966154,0.875
15,1895,0.6965618,0.78125
15,1896,0.4107186,0.875
15,1897,0.6208344,0.84375
15,1898,0.8199967,0.78125
15,1899,0.66713405,0.6875
15,1900,0.7806568,0.78125
15,1901,0.674317,0.78125
15,1902,0.33002034,0.9375
15,1903,0.34252885,0.96875
15,1904,0.8350746,0.6875
15,1905,0.4859794,0.875
15,1906,0.52235615,0.84375
15,1907,0.4876554,0.8125
15,1908,0.37353057,0.875
15,1909,0.6631991,0.8125
15,1910,0.47313946,0.90625
15,1911,0.9100162,0.71875
15,1912,0.4508972,0.875
15,1913,0.40878794,0.8125
15,1914,0.38570723,0.90625
15,1915,0.6354617,0.84375
15,1916,0.52488726,0.875
15,1917,0.46996784,0.8125
15,1918,0.41595092,0.9375
15,1919,0.3675159,0.875
15,1920,0.44825098,0.96875
15,1921,0.5701151,0.84375
15,1922,0.5608762,0.8125
15,1923,0.56001526,0.875
15,1924,0.26506844,0.96875
15,1925,0.7181541,0.84375
15,1926,0.38334048,0.96875
15,1927,0.50187796,0.8125
15,1928,0.5216251,0.8125
15,1929,0.35050824,0.9375
15,1930,0.78191423,0.8125
15,1931,0.5833586,0.84375
15,1932,0.5210127,0.84375
15,1933,0.72870946,0.84375
15,1934,0.45665628,0.84375
15,1935,0.6606388,0.78125
15,1936,0.58860946,0.84375
15,1937,0.7267951,0.71875
15,1938,0.38428023,0.875
15,1939,0.6172866,0.78125
15,1940,0.61306506,0.78125
15,1941,0.8833805,0.71875
15,1942,0.3956729,0.9375
15,1943,0.26081032,0.9375
15,1944,0.72119886,0.75
15,1945,0.2857979,0.90625
15,1946,0.5769419,0.8125
15,1947,0.34012797,0.90625
15,1948,0.5362551,0.8125
15,1949,0.52015376,0.875
15,1950,0.41688827,0.84375
15,1951,0.671521,0.8125
15,1952,0.8096644,0.78125
15,1953,0.76926994,0.8125
15,1954,0.79471767,0.8125
15,1955,0.45424986,0.875
15,1956,0.5000104,0.875
15,1957,0.5104638,0.84375
15,1958,0.92302865,0.71875
15,1959,0.5809832,0.8125
15,1960,0.69465196,0.8125
15,1961,0.5032942,0.84375
15,1962,0.3921615,0.90625
15,1963,0.44258198,0.90625
15,1964,0.665194,0.8125
15,1965,0.7608871,0.71875
15,1966,0.4863946,0.875
15,1967,0.550719,0.84375
15,1968,0.554878,0.875
15,1969,0.5149001,0.875
15,1970,0.29675138,0.90625
15,1971,0.65382046,0.84375
15,1972,0.77713007,0.78125
15,1973,0.7262108,0.78125
15,1974,0.6733332,0.84375
15,1975,0.3371744,0.9375
15,1976,0.55888546,0.8125
15,1977,0.7025787,0.84375
15,1978,0.5729072,0.8125
15,1979,0.6855681,0.8125
15,1980,0.4514029,0.9375
16,1981,0.3955878,0.90625
16,1982,0.43013963,0.8125
16,1983,0.43977556,0.90625
16,1984,0.4911203,0.84375
16,1985,0.5572321,0.8125
16,1986,0.43235737,0.84375
16,1987,0.2560132,0.9375
16,1988,0.5885975,0.84375
16,1989,0.49280894,0.875
16,1990,0.39521703,0.875
16,1991,0.6230363,0.78125
16,1992,0.5855318,0.75
16,1993,0.46616584,0.875
16,1994,0.39472446,0.875
16,1995,0.6068706,0.78125
16,1996,0.65400696,0.75
16,1997,0.4592094,0.875
16,1998,0.19869217,0.96875
16,1999,0.89794976,0.71875
16,2000,0.47550794,0.84375
16,2001,0.6761085,0.84375
16,2002,0.44028497,0.84375
16,2003,0.60602164,0.78125
16,2004,0.7747314,0.75
16,2005,0.43970245,0.90625
16,2006,0.54796124,0.875
16,2007,0.6018854,0.8125
16,2008,0.731255,0.78125
16,2009,0.6047123,0.78125
16,2010,0.35528165,0.90625
16,2011,0.65099007,0.78125
16,2012,0.6495725,0.71875
16,2013,0.6315678,0.84375
16,2014,0.22013593,0.96875
16,2015,0.5772792,0.8125
16,2016,0.5664218,0.8125
16,2017,0.5846917,0.8125
16,2018,0.557258,0.84375
16,2019,0.46906075,0.90625
16,2020,0.4778632,0.875
16,2021,0.541574,0.875
16,2022,0.50072384,0.875
16,2023,0.5668773,0.78125
16,2024,0.5792536,0.84375
16,2025,0.46584943,0.84375
16,2026,0.44608483,0.84375
16,2027,0.3983683,0.96875
16,2028,0.27591264,0.9375
16,2029,0.44816965,0.90625
16,2030,0.45278046,0.875
16,2031,0.63658684,0.8125
16,2032,0.80865306,0.75
16,2033,0.7943011,0.78125
16,2034,0.46277097,0.90625
16,2035,0.44638285,0.84375
16,2036,0.36642516,0.9375
16,2037,0.56028444,0.84375
16,2038,0.3908534,0.875
16,2039,0.42753822,0.90625
16,2040,0.4360323,0.84375
16,2041,0.35513875,0.9375
16,2042,0.4776623,0.84375
16,2043,0.67706734,0.84375
16,2044,0.64689356,0.75
16,2045,0.45606163,0.875
16,2046,0.4621428,0.90625
16,2047,0.42901745,0.875
16,2048,0.5628483,0.84375
16,2049,0.48573297,0.90625
16,2050,0.54797816,0.75
16,2051,0.36147287,0.875
16,2052,0.58352095,0.78125
16,2053,0.5390875,0.84375
16,2054,0.5250121,0.875
16,2055,0.7517548,0.875
16,2056,0.60106796,0.78125
16,2057,0.8211726,0.8125
16,2058,0.5285171,0.875
16,2059,0.2734171,0.96875
16,2060,0.39318696,0.90625
16,2061,0.4931768,0.90625
16,2062,0.5752375,0.875
16,2063,0.52457154,0.875
16,2064,0.3023875,0.9375
16,2065,0.65890104,0.8125
16,2066,0.44863886,0.875
16,2067,0.425892,0.875
16,2068,0.3761834,0.875
16,2069,0.625848,0.78125
16,2070,0.24937603,0.96875
16,2071,0.26476723,0.96875
16,2072,0.3399127,0.9375
16,2073,0.3655023,0.875
16,2074,0.60257834,0.84375
16,2075,0.5664295,0.875
16,2076,0.6214226,0.8125
16,2077,0.66234565,0.75
16,2078,0.30350623,0.9375
16,2079,0.39599842,0.875
16,2080,0.39784488,0.90625
16,2081,0.900659,0.75
16,2082,0.68639046,0.75
16,2083,0.7790482,0.71875
16,2084,0.45505437,0.875
16,2085,0.47772524,0.78125
16,2086,0.35436928,0.9375
16,2087,0.59888303,0.875
16,2088,0.45043325,0.84375
16,2089,0.3960258,0.875
16,2090,0.6744703,0.90625
16,2091,0.5497492,0.8125
16,2092,0.41626877,0.875
16,2093,0.4909207,0.875
16,2094,0.6644937,0.78125
16,2095,0.5198848,0.8125
16,2096,0.5179956,0.875
16,2097,0.27944604,0.9375
16,2098,0.72746235,0.75
16,2099,0.53993845,0.84375
16,2100,0.37808052,0.90625
16,2101,0.40009052,0.875
16,2102,0.46635526,0.875
16,2103,0.45159492,0.84375
16,2104,0.5634128,0.78125
16,2105,0.4561606,0.875
16,2106,0.551922,0.875
16,2107,0.5022102,0.78125
16,2108,0.36872435,0.96875
16,2109,0.68250924,0.78125
16,2110,0.3650395,0.90625
16,2111,0.5066822,0.875
16,2112,0.5591859,0.75
17,2113,0.49624166,0.875
17,2114,0.4922644,0.875
17,2115,0.3689126,0.96875
17,2116,0.8423128,0.84375
17,2117,0.3087554,0.90625
17,2118,0.39837742,0.90625
17,2119,0.72289944,0.84375
17,2120,0.766866,0.71875
17,2121,0.44013435,0.84375
17,2122,0.51497394,0.84375
17,2123,0.37968582,0.90625
17,2124,0.6182425,0.78125
17,2125,0.46236223,0.90625
17,2126,0.4401454,0.875
17,2127,0.40688327,0.875
17,2128,0.4107267,0.875
17,2129,0.8139184,0.78125
17,2130,0.33189583,0.875
17,2131,0.6737843,0.875
17,2132,0.32981053,0.90625
17,2133,0.25433072,0.9375
17,2134,0.39329845,0.875
17,2135,0.5777891,0.84375
17,2136,0.820033,0.78125
17,2137,0.48940566,0.875
17,2138,0.37829837,0.90625
17,2139,0.58691597,0.78125
17,2140,0.5305176,0.84375
17,2141,0.5638593,0.8125
17,2142,0.40050977,0.90625
17,2143,0.4194367,0.84375
17,2144,0.37393135,0.84375
17,2145,0.49425733,0.875
17,2146,0.441902,0.875
17,2147,0.6627976,0.8125
17,2148,0.4282558,0.875
17,2149,0.3823652,0.90625
17,2150,0.3586522,0.875
17,2151,0.8652155,0.625
17,2152,0.44106755,0.875
17,2153,0.62255967,0.875
17,2154,0.18409774,1.0
17,2155,0.3777282,0.875
17,2156,0.7379385,0.8125
17,2157,0.28056252,0.875
17,2158,0.70741343,0.75
17,2159,0.39997068,0.90625
17,2160,0.86711806,0.71875
17,2161,0.47230026,0.84375
17,2162,0.4853003,0.9375
17,2163,0.5465495,0.875
17,2164,0.3988104,0.96875
17,2165,0.5863222,0.84375
17,2166,0.7328346,0.75
17,2167,0.25255126,1.0
17,2168,0.9332425,0.71875
17,2169,0.3020989,0.90625
17,2170,0.35984254,0.9375
17,2171,0.41272464,0.84375
17,2172,0.48391324,0.8125
17,2173,0.603888,0.78125
17,2174,0.70837903,0.71875
17,2175,0.34438682,0.84375
17,2176,0.41082945,0.9375
17,2177,0.3344616,0.90625
17,2178,0.70564604,0.75
17,2179,0.84630954,0.75
17,2180,0.44144526,0.875
17,2181,0.68526095,0.8125
17,2182,0.71374077,0.8125
17,2183,0.5166909,0.90625
17,2184,0.81543756,0.71875
17,2185,0.39118233,0.90625
17,2186,0.4619735,0.84375
17,2187,0.38062036,0.96875
17,2188,0.64287424,0.8125
17,2189,0.4585258,0.875
17,2190,0.4847113,0.78125
17,2191,0.30933052,0.90625
17,2192,0.5523779,0.84375
17,2193,0.7506022,0.84375
17,2194,0.5985144,0.78125
17,2195,0.5834567,0.8125
17,2196,0.71344066,0.78125
17,2197,0.36548993,0.90625
17,2198,0.8113929,0.75
17,2199,0.4284653,0.875
17,2200,0.45431095,0.875
17,2201,0.6860408,0.78125
17,2202,0.55294883,0.8125
17,2203,0.5830184,0.8125
17,2204,0.57776916,0.8125
17,2205,0.41270563,0.875
17,2206,0.55771077,0.84375
17,2207,0.3416683,0.9375
17,2208,0.33367854,0.90625
17,2209,0.68685335,0.8125
17,2210,0.621678,0.8125
17,2211,0.28973913,0.9375
17,2212,0.6832815,0.84375
17,2213,0.41900852,0.875
17,2214,0.57246697,0.8125
17,2215,0.6801235,0.78125
17,2216,0.44812867,0.9375
17,2217,0.7078079,0.78125
17,2218,0.36791947,0.9375
17,2219,0.80228984,0.8125
17,2220,0.605848,0.78125
17,2221,0.9611695,0.6875
17,2222,0.60363233,0.8125
17,2223,0.33521774,1.0
17,2224,0.58260137,0.8125
17,2225,0.3312597,0.875
17,2226,0.5251181,0.84375
17,2227,0.46320555,0.90625
17,2228,0.61222214,0.84375
17,2229,0.5021204,0.90625
17,2230,0.5203901,0.875
17,2231,0.7383328,0.75
17,2232,0.39336342,0.90625
17,2233,0.4585442,0.90625
17,2234,0.56282586,0.78125
17,2235,0.4367029,0.84375
17,2236,0.6797097,0.8125
17,2237,0.45097715,0.84375
17,2238,0.43651807,0.90625
17,2239,0.33589655,0.90625
17,2240,0.38814205,0.90625
17,2241,0.35381946,0.875
17,2242,0.7009697,0.78125
17,2243,0.39714122,0.90625
17,2244,0.6589842,0.8125
18,2245,0.5320417,0.875
18,2246,0.60157585,0.90625
18,2247,0.5913389,0.75
18,2248,0.4300244,0.90625
18,2249,0.3324503,0.9375
18,2250,0.644832,0.8125
18,2251,0.4959306,0.8125
18,2252,0.5064516,0.875
18,2253,0.26799572,0.9375
18,2254,0.5079806,0.875
18,2255,0.68307406,0.84375
18,2256,0.56003416,0.84375
18,2257,0.4915241,0.875
18,2258,0.38162184,0.9375
18,2259,0.47644323,0.8125
18,2260,0.570625,0.90625
18,2261,0.64556,0.90625
18,2262,0.30846035,0.96875
18,2263,0.35601917,0.90625
18,2264,0.4678818,0.84375
18,2265,0.3666016,0.84375
18,2266,0.46607146,0.875
18,2267,0.4876386,0.875
18,2268,0.69418746,0.75
18,2269,0.34817147,0.9375
18,2270,0.77553725,0.75
18,2271,0.35534954,0.90625
18,2272,0.3429585,0.9375
18,2273,0.68542767,0.8125
18,2274,0.3187685,0.90625
18,2275,0.42328706,0.90625
18,2276,0.3840744,0.90625
18,2277,0.571423,0.8125
18,2278,0.54095227,0.875
18,2279,0.5524521,0.8125
18,2280,0.40876192,0.875
18,2281,0.25653976,0.96875
18,2282,0.25686446,0.96875
18,2283,0.44704318,0.84375
18,2284,0.36977592,0.9375
18,2285,0.5053511,0.84375
18,2286,0.57143676,0.84375
18,2287,0.4768124,0.9375
18,2288,0.49380124,0.90625
18,2289,0.56675196,0.8125
18,2290,0.57324,0.8125
18,2291,0.6935175,0.78125
18,2292,0.32025722,0.90625
18,2293,0.5247401,0.90625
18,2294,0.54155564,0.84375
18,2295,0.63729817,0.78125
18,2296,0.8444957,0.8125
18,2297,0.27125388,0.9375
18,2298,0.51855356,0.8125
18,2299,0.48122102,0.875
18,2300,0.40353683,0.875
18,2301,0.5752128,0.75
18,2302,0.43396652,0.90625
18,2303,0.43666384,0.875
18,2304,0.6284805,0.78125
18,2305,0.5460508,0.8125
18,2306,0.45456913,0.8125
18,2307,0.45454717,0.9375
18,2308,0.5571548,0.8125
18,2309,0.72002506,0.8125
18,2310,0.46723312,0.875
18,2311,0.39666927,0.90625
18,2312,0.7721096,0.8125
18,2313,0.20809563,0.96875
18,2314,0.36521417,0.90625
18,2315,0.48324358,0.84375
18,2316,0.31338295,0.96875
18,2317,0.7685205,0.75
18,2318,0.340589,0.90625
18,2319,0.57145643,0.84375
18,2320,0.8087366,0.8125
18,2321,0.4145151,0.875
18,2322,0.45618102,0.84375
18,2323,0.53444517,0.90625
18,2324,0.569675,0.84375
18,2325,0.3571777,0.90625
18,2326,0.53718436,0.78125
18,2327,0.71001023,0.78125
18,2328,0.57426226,0.75
18,2329,0.41246045,0.90625
18,2330,0.5780212,0.78125
18,2331,0.9023857,0.65625
18,2332,0.61903584,0.8125
18,2333,0.49931332,0.84375
18,2334,0.5744858,0.78125
18,2335,0.5270227,0.8125
18,2336,0.33440697,0.9375
18,2337,0.4882589,0.84375
18,2338,0.5461335,0.875
18,2339,0.45984685,0.8125
18,2340,0.5246334,0.875
18,2341,0.371882,0.90625
18,2342,0.4092343,0.9375
18,2343,0.6059577,0.78125
18,2344,0.6565024,0.875
18,2345,0.45853442,0.875
18,2346,0.54280347,0.84375
18,2347,0.45414534,0.84375
18,2348,0.36134052,0.875
18,2349,0.6649918,0.75
18,2350,0.27614638,0.96875
18,2351,0.5372326,0.84375
18,2352,0.65491086,0.8125
18,2353,0.5804448,0.8125
18,2354,0.4987341,0.8125
18,2355,0.50395024,0.90625
18,2356,0.49686512,0.8125
18,2357,0.33597115,0.84375
18,2358,0.46997666,0.875
18,2359,0.9078928,0.6875
18,2360,0.73060685,0.71875
18,2361,0.60174894,0.875
18,2362,0.36108652,0.875
18,2363,0.5456286,0.75
18,2364,0.5389519,0.8125
18,2365,0.5086992,0.90625
18,2366,0.24400307,1.0
18,2367,0.4221892,0.90625
18,2368,0.5360369,0.84375
18,2369,0.6189295,0.78125
18,2370,0.34705678,0.9375
18,2371,0.50558114,0.84375
18,2372,0.47265175,0.90625
18,2373,0.651391,0.78125
18,2374,0.5729535,0.8125
18,2375,0.55110586,0.8125
18,2376,0.2707605,0.9375
19,2377,0.45475617,0.90625
19,2378,0.30760068,0.9375
19,2379,0.7140349,0.78125
19,2380,0.30710593,0.96875
19,2381,0.43093607,0.90625
19,2382,0.78556436,0.75
19,2383,0.57303894,0.84375
19,2384,0.54732174,0.84375
19,2385,0.48860192,0.84375
19,2386,0.47000143,0.84375
19,2387,0.45296225,0.90625
19,2388,0.5038161,0.8125
19,2389,0.47646016,0.84375
19,2390,0.58963966,0.84375
19,2391,0.5046025,0.84375
19,2392,0.3851772,0.90625
19,2393,0.5395923,0.84375
19,2394,0.61479664,0.8125
19,2395,0.4793418,0.875
19,2396,0.4485231,0.9375
19,2397,0.6882915,0.8125
19,2398,0.6267263,0.8125
19,2399,0.67426634,0.8125
19,2400,0.64218813,0.8125
19,2401,0.4470479,0.875
19,2402,0.71519303,0.78125
19,2403,0.6016066,0.8125
19,2404,0.48665798,0.8125
19,2405,0.5236458,0.90625
19,2406,0.43510357,0.875
19,2407,0.74940526,0.71875
19,2408,0.4808677,0.90625
19,2409,0.6921215,0.84375
19,2410,0.41157877,0.9375
19,2411,0.44810623,0.90625
19,2412,0.5510479,0.875
19,2413,0.5517646,0.875
19,2414,0.5060031,0.84375
19,2415,0.47711298,0.78125
19,2416,0.69687974,0.8125
19,2417,0.5899116,0.875
19,2418,0.6502828,0.8125
19,2419,0.43835658,0.90625
19,2420,0.48869997,0.84375
19,2421,0.6521664,0.84375
19,2422,0.43445656,0.8125
19,2423,0.5235784,0.8125
19,2424,0.46006808,0.875
19,2425,0.42925298,0.875
19,2426,0.26793322,0.90625
19,2427,0.5874998,0.875
19,2428,0.43559724,0.90625
19,2429,0.5107846,0.84375
19,2430,0.50630033,0.875
19,2431,0.19955006,0.96875
19,2432,0.6879331,0.75
19,2433,0.5664292,0.8125
19,2434,0.4265826,0.875
19,2435,0.53226596,0.84375
19,2436,0.42828298,0.875
19,2437,0.5857597,0.8125
19,2438,0.6046789,0.8125
19,2439,0.5934044,0.8125
19,2440,0.52697605,0.8125
19,2441,0.44101736,0.8125
19,2442,0.45978194,0.875
19,2443,0.7621284,0.78125
19,2444,0.6015412,0.875
19,2445,0.5678982,0.84375
19,2446,0.44015783,0.875
19,2447,0.7279105,0.8125
19,2448,0.31932944,0.9375
19,2449,0.304899,0.90625
19,2450,0.5809414,0.84375
19,2451,0.5183928,0.90625
19,2452,0.3995695,0.875
19,2453,0.4727148,0.875
19,2454,0.33824667,0.875
19,2455,0.46805477,0.8125
19,2456,0.5501447,0.875
19,2457,0.5918219,0.8125
19,2458,0.43122596,0.84375
19,2459,0.6832584,0.8125
19,2460,0.5232004,0.8125
19,2461,0.30681914,0.90625
19,2462,0.3672279,0.9375
19,2463,0.552436,0.875
19,2464,0.68769085,0.8125
19,2465,0.63660365,0.84375
19,2466,0.8862489,0.65625
19,2467,0.39138302,0.90625
19,2468,0.5002209,0.90625
19,2469,0.27877685,0.9375
19,2470,0.54299664,0.78125
19,2471,0.48966894,0.90625
19,2472,0.4237863,0.875
19,2473,0.5019269,0.84375
19,2474,0.38670778,0.9375
19,2475,0.5502912,0.84375
19,2476,0.38880968,0.9375
19,2477,0.4270758,0.90625
19,2478,0.41353896,0.875
19,2479,0.5432927,0.84375
19,2480,0.4916779,0.84375
19,2481,0.37863082,0.875
19,2482,0.27349597,0.9375
19,2483,0.7734508,0.78125
19,2484,0.7399591,0.71875
19,2485,0.48132467,0.90625
19,2486,0.4887356,0.8125
19,2487,0.77761793,0.875
19,2488,0.17385128,1.0
19,2489,0.6211716,0.84375
19,2490,0.54189134,0.875
19,2491,0.35052386,0.875
19,2492,0.6675985,0.75
19,2493,0.53834003,0.875
19,2494,0.39425048,0.90625
19,2495,0.47357848,0.84375
19,2496,0.4247687,0.875
19,2497,0.5631512,0.8125
19,2498,0.4587269,0.84375
19,2499,0.45711112,0.84375
19,2500,0.383712,0.84375
19,2501,0.29262862,0.9375
19,2502,0.5916009,0.84375
19,2503,0.5587956,0.90625
19,2504,0.546269,0.84375
19,2505,0.56916124,0.8125
19,2506,0.5185281,0.875
19,2507,0.49661684,0.875
19,2508,0.59883034,0.90625
20,2509,0.4569092,0.84375
20,2510,0.38493466,0.875
20,2511,0.2478936,0.9375
20,2512,0.24432349,0.96875
20,2513,0.4419479,0.875
20,2514,0.75644004,0.71875
20,2515,0.54781544,0.84375
20,2516,0.7403927,0.78125
20,2517,0.76420987,0.78125
20,2518,0.37546632,0.9375
20,2519,0.3115055,0.90625
20,2520,0.45369396,0.90625
20,2521,0.5485111,0.84375
20,2522,0.67414594,0.8125
20,2523,0.30119327,0.90625
20,2524,0.24284342,0.9375
20,2525,0.42803735,0.90625
20,2526,0.36967337,0.875
20,2527,0.6958401,0.8125
20,2528,0.48930123,0.8125
20,2529,0.8878004,0.78125
20,2530,0.5661819,0.78125
20,2531,0.3095608,0.9375
20,2532,0.27894574,0.90625
20,2533,0.53177375,0.8125
20,2534,0.48783943,0.90625
20,2535,0.6274062,0.8125
20,2536,0.47028536,0.875
20,2537,0.42010015,0.875
20,2538,0.4442352,0.9375
20,2539,0.5562186,0.875
20,2540,0.4087713,0.875
20,2541,0.7115361,0.71875
20,2542,0.51050407,0.84375
20,2543,0.3845501,0.875
20,2544,0.5776406,0.8125
20,2545,0.5268823,0.84375
20,2546,0.655587,0.78125
20,2547,0.42516765,0.875
20,2548,0.5102657,0.84375
20,2549,0.9354532,0.6875
20,2550,0.40163264,0.90625
20,2551,0.56806576,0.8125
20,2552,0.32069236,0.96875
20,2553,0.7102658,0.78125
20,2554,0.5259163,0.84375
20,2555,0.42027128,0.90625
20,2556,0.56806105,0.875
20,2557,0.80390126,0.8125
20,2558,0.5958842,0.84375
20,2559,0.5862116,0.78125
20,2560,0.76342213,0.75
20,2561,0.65944463,0.8125
20,2562,0.6057417,0.78125
20,2563,0.52441835,0.875
20,2564,0.59367275,0.84375
20,2565,0.6566896,0.8125
20,2566,0.91651404,0.75
20,2567,0.48092058,0.90625
20,2568,0.6244662,0.84375
20,2569,0.5290952,0.84375
20,2570,0.48214912,0.8125
20,2571,0.5439187,0.875
20,2572,0.48498696,0.84375
20,2573,0.33644307,0.90625
20,2574,0.37813148,0.90625
20,2575,0.3551418,0.90625
20,2576,0.3486296,0.90625
20,2577,0.5671125,0.84375
20,2578,0.78092647,0.8125
20,2579,0.5792826,0.84375
20,2580,0.55847657,0.78125
20,2581,0.5804471,0.84375
20,2582,0.4840571,0.875
20,2583,0.50112134,0.84375
20,2584,0.5821681,0.8125
20,2585,0.5370389,0.84375
20,2586,0.46196508,0.84375
20,2587,0.50556445,0.84375
20,2588,0.7849501,0.71875
20,2589,0.5314944,0.84375
20,2590,0.61398435,0.78125
20,2591,0.3218444,0.9375
20,2592,0.24424331,1.0
20,2593,0.37911358,0.90625
20,2594,0.5913797,0.84375
20,2595,0.47895664,0.90625
20,2596,0.29372647,0.90625
20,2597,0.80915844,0.78125
20,2598,0.42954978,0.875
20,2599,0.5731876,0.8125
20,2600,0.8037161,0.84375
20,2601,0.6227066,0.84375
20,2602,0.40671676,0.90625
20,2603,0.5279397,0.875
20,2604,0.5931043,0.78125
20,2605,0.290526,0.90625
20,2606,0.3137176,0.90625
20,2607,0.30317736,0.90625
20,2608,0.5196369,0.8125
20,2609,0.77040666,0.8125
20,2610,0.7359022,0.78125
20,2611,0.7409347,0.75
20,2612,0.6108179,0.84375
20,2613,0.3528761,0.875
20,2614,0.30234066,0.90625
20,2615,0.8757474,0.78125
20,2616,0.42286772,0.90625
20,2617,0.3184676,0.90625
20,2618,0.65765494,0.8125
20,2619,0.403992,0.90625
20,2620,0.49411237,0.875
20,2621,0.30117923,0.9375
20,2622,0.5415506,0.90625
20,2623,0.42137203,0.875
20,2624,0.3443248,0.90625
20,2625,0.5038203,0.90625
20,2626,0.46986902,0.875
20,2627,0.34724304,0.9375
20,2628,0.42763945,0.90625
20,2629,0.33882436,0.875
20,2630,0.57928205,0.84375
20,2631,0.39069003,0.9375
20,2632,0.54087794,0.875
20,2633,0.29028693,0.9375
20,2634,0.38632506,0.90625
20,2635,0.6631023,0.84375
20,2636,0.73355454,0.78125
20,2637,0.54926616,0.875
20,2638,0.5818265,0.84375
20,2639,0.62494636,0.875
20,2640,0.61871135,0.84375
